<application>
  <component name="libraryTable">
    <library name="/usr/bin/python3 interpreter library">
      <CLASSES>
        <root url="file:///usr/lib/python3.4" />
        <root url="file:///usr/lib/python3.4/plat-x86_64-linux-gnu" />
        <root url="file:///usr/lib/python3.4/lib-dynload" />
        <root url="file:///usr/local/lib/python3.4/dist-packages" />
        <root url="file:///usr/lib/python3/dist-packages" />
        <root url="file://$USER_HOME$/.IdeaIC2016.2/system/python_stubs/-2066100795" />
        <root url="file://$APPLICATION_PLUGINS_DIR$/python/helpers/python-skeletons" />
      </CLASSES>
      <JAVADOC />
      <SOURCES>
        <root url="file:///usr/lib/python3.4" />
        <root url="file:///usr/lib/python3.4/plat-x86_64-linux-gnu" />
        <root url="file:///usr/lib/python3.4/lib-dynload" />
        <root url="file:///usr/local/lib/python3.4/dist-packages" />
        <root url="file:///usr/lib/python3/dist-packages" />
        <root url="file://$USER_HOME$/.IdeaIC2016.2/system/python_stubs/-2066100795" />
        <root url="file://$APPLICATION_PLUGINS_DIR$/python/helpers/python-skeletons" />
      </SOURCES>
    </library>
  </component>
</application>