<application>
  <component name="FileTypeManager" version="18">
    <ignoreFiles list="*.orig;*.pyc;*.pyo;*.rbc;*~;.DS_Store;.git;.hg;.svn;CVS;RCS;SCCS;__pycache__;_svn;rcs;vssver.scc;vssver2.scc;" />
    <extensionMap>
      <mapping ext="ino" type="C++" />
      <mapping ext="tt" type="HTML" />
      <mapping pattern="user.js" type="Native" />
      <mapping pattern="scrap" type="PLAIN_TEXT" />
      <mapping pattern="delete_all" type="PLAIN_TEXT" />
      <mapping pattern="scratch" type="PLAIN_TEXT" />
      <mapping pattern="BCLC::Numbers::DB" type="PLAIN_TEXT" />
      <mapping pattern="user" type="PLAIN_TEXT" />
      <mapping pattern="TODO" type="PLAIN_TEXT" />
      <mapping pattern="temp" type="PLAIN_TEXT" />
      <mapping pattern="_spawn_class" type="PLAIN_TEXT" />
      <mapping pattern="typemap" type="PLAIN_TEXT" />
      <mapping pattern="Changes" type="PLAIN_TEXT" />
      <mapping pattern="README" type="PLAIN_TEXT" />
      <mapping pattern="pms_guest_pms_room" type="PLAIN_TEXT" />
      <mapping pattern=".placeholder" type="PLAIN_TEXT" />
      <mapping pattern="pimeta" type="PLAIN_TEXT" />
      <mapping pattern="Vagrantfile" type="PLAIN_TEXT" />
      <mapping pattern="LICENSE" type="PLAIN_TEXT" />
      <mapping pattern="asdf" type="PLAIN_TEXT" />
      <mapping ext="bak" type="PLAIN_TEXT" />
      <mapping ext="skip" type="PLAIN_TEXT" />
      <mapping ext="data" type="PLAIN_TEXT" />
      <mapping ext="new" type="PLAIN_TEXT" />
      <mapping ext="tpl" type="PLAIN_TEXT" />
      <mapping ext="bs" type="PLAIN_TEXT" />
      <mapping ext="orig" type="PLAIN_TEXT" />
      <mapping ext="db" type="PLAIN_TEXT" />
      <mapping pattern="identifypi" type="Perl" />
      <mapping pattern="pimetaerase" type="Perl" />
      <removed_mapping ext="tt" approved="true" type="T4" />
      <removed_mapping ext="ino" approved="true" type="PLAIN_TEXT" />
      <removed_mapping ext="tt" approved="true" type="PLAIN_TEXT" />
      <mapping ext="cof" type="TSV" />
      <mapping pattern="pms_guest_match" type="Perl5 script" />
      <mapping pattern="pms_guest_pms_rooms" type="Perl5 script" />
    </extensionMap>
  </component>
</application>