<application>
  <component name="ProjectJdkTable">
    <jdk version="2">
      <name value="Perl v5.22.0 (x86_64-linux)" />
      <type value="Perl5 Interpreter" />
      <version value="v5.18.2 (x86_64-linux-gnu-thread-multi)" />
      <homePath value="/usr/bin" />
      <roots>
        <annotationsPath>
          <root type="composite" />
        </annotationsPath>
        <classPath>
          <root type="composite">
            <root url="file:///usr/lib/perl5/site_perl/5.22.0/x86_64-linux" type="simple" />
            <root url="file:///usr/lib/perl5/site_perl/5.22.0" type="simple" />
            <root url="file:///usr/lib/perl5/5.22.0/x86_64-linux" type="simple" />
            <root url="file:///usr/lib/perl5/5.22.0" type="simple" />
          </root>
        </classPath>
        <javadocPath>
          <root type="composite" />
        </javadocPath>
        <sourcePath>
          <root type="composite">
            <root url="file:///usr/lib/perl5/site_perl/5.22.0/x86_64-linux" type="simple" />
            <root url="file:///usr/lib/perl5/site_perl/5.22.0" type="simple" />
            <root url="file:///usr/lib/perl5/5.22.0/x86_64-linux" type="simple" />
            <root url="file:///usr/lib/perl5/5.22.0" type="simple" />
          </root>
        </sourcePath>
      </roots>
      <additional />
    </jdk>
    <jdk version="2">
      <name value="/usr/bin/python3" />
      <type value="Python SDK" />
      <version value="Python 2.7.6" />
      <homePath value="/usr/bin/python2.7" />
      <roots>
        <annotationsPath>
          <root type="composite" />
        </annotationsPath>
        <classPath>
          <root type="composite">
            <root url="file:///usr/lib/python2.7" type="simple" />
            <root url="file:///usr/lib/python2.7/plat-x86_64-linux-gnu" type="simple" />
            <root url="file:///usr/lib/python2.7/lib-tk" type="simple" />
            <root url="file:///usr/lib/python2.7/lib-dynload" type="simple" />
            <root url="file:///usr/local/lib/python2.7/dist-packages" type="simple" />
            <root url="file:///usr/lib/python2.7/dist-packages" type="simple" />
            <root url="file:///usr/lib/python2.7/dist-packages/PILcompat" type="simple" />
            <root url="file:///usr/lib/python2.7/dist-packages/gtk-2.0" type="simple" />
            <root url="file:///usr/lib/python2.7/dist-packages/ubuntu-sso-client" type="simple" />
            <root url="file:///usr/lib/python2.7/dist-packages/wx-2.8-gtk2-unicode" type="simple" />
            <root url="file://$USER_HOME$/.IdeaIC2016.2/system/python_stubs/-1247972723" type="simple" />
            <root url="file://$APPLICATION_PLUGINS_DIR$/python/helpers/python-skeletons" type="simple" />
          </root>
        </classPath>
        <javadocPath>
          <root type="composite" />
        </javadocPath>
        <sourcePath>
          <root type="composite" />
        </sourcePath>
      </roots>
      <additional />
    </jdk>
    <jdk version="2">
      <name value="Perl v5.18.2 (x86_64-linux-gnu-thread-multi)" />
      <type value="Perl5 Interpreter" />
      <version value="v5.18.2 (x86_64-linux-gnu-thread-multi)" />
      <homePath value="/usr/bin" />
      <roots>
        <annotationsPath>
          <root type="composite" />
        </annotationsPath>
        <classPath>
          <root type="composite">
            <root url="file:///etc/perl" type="simple" />
            <root url="file:///usr/local/lib/perl/5.18.2" type="simple" />
            <root url="file:///usr/local/share/perl/5.18.2" type="simple" />
            <root url="file:///usr/lib/perl5" type="simple" />
            <root url="file:///usr/share/perl5" type="simple" />
            <root url="file:///usr/lib/perl/5.18" type="simple" />
            <root url="file:///usr/share/perl/5.18" type="simple" />
          </root>
        </classPath>
        <javadocPath>
          <root type="composite" />
        </javadocPath>
        <sourcePath>
          <root type="composite">
            <root url="file:///etc/perl" type="simple" />
            <root url="file:///usr/local/lib/perl/5.18.2" type="simple" />
            <root url="file:///usr/local/share/perl/5.18.2" type="simple" />
            <root url="file:///usr/lib/perl5" type="simple" />
            <root url="file:///usr/share/perl5" type="simple" />
            <root url="file:///usr/lib/perl/5.18" type="simple" />
            <root url="file:///usr/share/perl/5.18" type="simple" />
          </root>
        </sourcePath>
      </roots>
      <additional />
    </jdk>
    <jdk version="2">
      <name value="Perl v5.24.1 (x86_64-linux)" />
      <type value="Perl5 Interpreter" />
      <version value="v5.24.1 (x86_64-linux)" />
      <homePath value="$USER_HOME$/perl5/perlbrew/perls/perl-5.24.1/bin" />
      <roots>
        <annotationsPath>
          <root type="composite" />
        </annotationsPath>
        <classPath>
          <root type="composite">
            <root url="file://$USER_HOME$/perl5/perlbrew/perls/perl-5.24.1/lib/site_perl/5.24.1/x86_64-linux" type="simple" />
            <root url="file://$USER_HOME$/perl5/perlbrew/perls/perl-5.24.1/lib/site_perl/5.24.1" type="simple" />
            <root url="file://$USER_HOME$/perl5/perlbrew/perls/perl-5.24.1/lib/5.24.1/x86_64-linux" type="simple" />
            <root url="file://$USER_HOME$/perl5/perlbrew/perls/perl-5.24.1/lib/5.24.1" type="simple" />
          </root>
        </classPath>
        <javadocPath>
          <root type="composite" />
        </javadocPath>
        <sourcePath>
          <root type="composite">
            <root url="file://$USER_HOME$/perl5/perlbrew/perls/perl-5.24.1/lib/site_perl/5.24.1/x86_64-linux" type="simple" />
            <root url="file://$USER_HOME$/perl5/perlbrew/perls/perl-5.24.1/lib/site_perl/5.24.1" type="simple" />
            <root url="file://$USER_HOME$/perl5/perlbrew/perls/perl-5.24.1/lib/5.24.1/x86_64-linux" type="simple" />
            <root url="file://$USER_HOME$/perl5/perlbrew/perls/perl-5.24.1/lib/5.24.1" type="simple" />
          </root>
        </sourcePath>
      </roots>
      <additional />
    </jdk>
  </component>
</application>